Model,Accuracy,Precision,Recall,F1
AIHRM-CVD,0.8524590163934426,0.875,0.8484848484848485,0.8615384615384616
